region,deaths
Central Asia,12000
Morocco,12000
Tajikistan,12000
India-Nepal,11700
Philippines,9621
Mexico,9500
Nicaragua,8500
Argentina,8000
Taiwan,6920
Russia,6689
Algeria,6250
Ecuador,6050
Iran-Turkey,5000
Afghanistan,4323
Afghanistan-Tajikistan,4000
United States,3438
Arabia,2800
Armenia-Azerbaijan,2800
New Guinea,2605
Indonesia,2500
Romania,2500
Colombia,2185
Pakistan-Afghanistan,1200
Ex-Yugoslavia,1100
Colombia-Ecuador,1000
El Salvador,1000
